EPOCHS,10
BATCHS,64
learning rate,0.001
""
,train_result,test_result,test_bounding
TPR,0.7833876221498371,0.9115734720416124,0.7857677902621722
FPR,0.010972113027794479,0.0022589719546500723,0.01257934218118869
accurary,0.96125,0.99244,0.9605
Recall,0.7833876221498371,0.9115734720416124,0.7857677902621722
Precision,0.9177001127395716,0.963573883161512,0.9058721934369602
F1_score,0.845241423379528,0.9368526561977949,0.8415563578018451
