EPOCHS,10
BATCHS,64
learning rate,0.001
""
,train_result,test_result,test_bounding
TPR,0.8503849570624815,0.9447334200260078,0.8629213483146068
FPR,0.019238773528187578,0.005072031369874691,0.021465666474321986
accurary,0.96315,0.99184,0.9631
Recall,0.8503849570624815,0.9447334200260078,0.8629213483146068
Precision,0.8734696981218159,0.9243002544529262,0.8609865470852018
F1_score,0.8617727596684047,0.9344051446945337,0.861952861952862
