EPOCHS,10
BATCHS,64
learning rate,0.001
""
,train_result,test_result,test_bounding
TPR,0.8225496002368966,0.9317295188556567,0.8329588014981273
FPR,0.01475280950839384,0.0033245247634472765,0.01661858049624928
accurary,0.96327,0.99268,0.9633
Recall,0.8225496002368966,0.9317295188556567,0.8329588014981273
Precision,0.8969887785581658,0.9483785572468564,0.8853503184713376
F1_score,0.8581579455493339,0.939980321416858,0.8583558471632574
