EPOCHS,10
BATCHS,64
learning rate,0.001
""
,train_result,test_result,test_bounding
TPR,0.8553449807521468,0.9447334200260078,0.8666666666666667
FPR,0.019920917541506728,0.004219589122836927,0.022504327755337564
accurary,0.96323,0.99264,0.9627
Recall,0.8553449807521468,0.9447334200260078,0.8666666666666667
Precision,0.8702267078406266,0.9362113402061856,0.8557692307692307
F1_score,0.8627216725779353,0.940453074433657,0.861183475995534
