EPOCHS,30
BATCHS,64
learning rate,0.001
""
,train_result,test_result,test_bounding
TPR,0.8187000296120818,0.9258777633289987,0.8269662921348314
FPR,0.014278777227951718,0.0031114142016878355,0.016503173687247547
accurary,0.96316,0.99252,0.9626
Recall,0.8187000296120818,0.9258777633289987,0.8269662921348314
Precision,0.8995444932487392,0.9512358049432198,0.8853247794707297
F1_score,0.8572203705139138,0.9383855024711697,0.8551510457010071
