EPOCHS,1
BATCHS,32
learning rate,0.001
""
,train_result,test_result
TPR,0.8898121987701513,0.881664499349805
FPR,0.006171328857346541,0.006435938965135112
accurary,0.98757,0.98668
