EPOCHS,20
BATCHS,32
learning rate,0.001
""
,train_result,test_result
TPR,0.8663754811963281,0.8779026217228464
FPR,0.021863293715025666,0.024466243508366993
accurary,0.96304,0.9625
